{"cameraMode":{"drawMode":0,"name":"Shaded","section":"Shading Mode"},"sceneLighting":true,"audioPlay":false,"sceneViewState":{"showFog":true,"showMaterialUpdate":false,"showSkybox":true,"showFlares":true,"showImageEffects":true,"showParticleSystems":true},"in2DMode":false,"pivot":{"x":-6.44166898727417,"y":-45.90542221069336,"z":-10.396167755126954},"rotation":{"x":0.007836042903363705,"y":-0.978969156742096,"z":0.20038525760173798,"w":0.038482729345560077},"size":48.43281555175781,"orthographic":false}